Strain,Supernatant,Pellet
CB2A,0.519557143,2.996734286
RsaA,-0.274838571,0.803654286
CuBP,-0.095842857,0.514024286
Azurin,0.305857143,2.222158571
,,
,,
